apple,say,iphone,battery,double,promised,lifespan
snap,recalling,pixy,drone,battery,fire
anker,battery,pack,charging,accessory,percent
ring,latest,battery,doorbell,come,new,feature,old,look
iphone,pro,max,v,samsung,ultra,battery,life,apple,finally,competition
honor,magic,pro,battery,life,champion
ring,best,video,doorbell,pro,come,batterypowered,variant
best,meta,quest,battery,pack
oneplus,watch,revealed,hour,battery,life
phone,concept,e,ink,display,blackberrystyle,keyboard,fourday,battery,life
google,pixel,could,likely,bigger,battery,predecessor
apple,say,iphone,battery,double,promised,lifespan
snap,recalling,pixy,drone,battery,fire
anker,battery,pack,charging,accessory,percent
ring,latest,battery,doorbell,come,new,feature,old,look
iphone,pro,max,v,samsung,ultra,battery,life,apple,finally,competition
honor,magic,pro,battery,life,champion
ring,best,video,doorbell,pro,come,batterypowered,variant
best,meta,quest,battery,pack
oneplus,watch,revealed,hour,battery,life
phone,concept,e,ink,display,blackberrystyle,keyboard,fourday,battery,life
google,pixel,could,likely,bigger,battery,predecessor
apple,say,iphone,battery,double,promised,lifespan
snap,recalling,pixy,drone,battery,fire
anker,battery,pack,charging,accessory,percent
ring,latest,battery,doorbell,come,new,feature,old,look
iphone,pro,max,v,samsung,ultra,battery,life,apple,finally,competition
honor,magic,pro,battery,life,champion
ring,best,video,doorbell,pro,come,batterypowered,variant
best,meta,quest,battery,pack
oneplus,watch,revealed,hour,battery,life
phone,concept,e,ink,display,blackberrystyle,keyboard,fourday,battery,life
google,pixel,could,likely,bigger,battery,predecessor
apple,say,iphone,battery,double,promised,lifespan
snap,recalling,pixy,drone,battery,fire
anker,battery,pack,charging,accessory,percent
ring,latest,battery,doorbell,come,new,feature,old,look
iphone,pro,max,v,samsung,ultra,battery,life,apple,finally,competition
honor,magic,pro,battery,life,champion
ring,best,video,doorbell,pro,come,batterypowered,variant
best,meta,quest,battery,pack
oneplus,watch,revealed,hour,battery,life
phone,concept,e,ink,display,blackberrystyle,keyboard,fourday,battery,life
google,pixel,could,likely,bigger,battery,predecessor
apple,say,iphone,battery,double,promised,lifespan
snap,recalling,pixy,drone,battery,fire
anker,battery,pack,charging,accessory,percent
ring,latest,battery,doorbell,come,new,feature,old,look
iphone,pro,max,v,samsung,ultra,battery,life,apple,finally,competition
honor,magic,pro,battery,life,champion
ring,best,video,doorbell,pro,come,batterypowered,variant
best,meta,quest,battery,pack
oneplus,watch,revealed,hour,battery,life
phone,concept,e,ink,display,blackberrystyle,keyboard,fourday,battery,life
google,pixel,could,likely,bigger,battery,predecessor
apple,say,iphone,battery,double,promised,lifespan
snap,recalling,pixy,drone,battery,fire
anker,battery,pack,charging,accessory,percent
ring,latest,battery,doorbell,come,new,feature,old,look
iphone,pro,max,v,samsung,ultra,battery,life,apple,finally,competition
honor,magic,pro,battery,life,champion
ring,best,video,doorbell,pro,come,batterypowered,variant
best,meta,quest,battery,pack
oneplus,watch,revealed,hour,battery,life
google,pixel,could,likely,bigger,battery,predecessor
apple,say,iphone,battery,double,promised,lifespan
snap,recalling,pixy,drone,battery,fire
anker,battery,pack,charging,accessory,percent
ring,latest,battery,doorbell,come,new,feature,old,look
iphone,pro,max,v,samsung,ultra,battery,life,apple,finally,competition
honor,magic,pro,battery,life,champion
ring,best,video,doorbell,pro,come,batterypowered,variant
best,meta,quest,battery,pack
oneplus,watch,revealed,hour,battery,life
google,pixel,could,likely,bigger,battery,predecessor
apple,say,iphone,battery,double,promised,lifespan
snap,recalling,pixy,drone,battery,fire
anker,battery,pack,charging,accessory,percent
ring,latest,battery,doorbell,come,new,feature,old,look
iphone,pro,max,v,samsung,ultra,battery,life,apple,finally,competition
honor,magic,pro,battery,life,champion
ring,best,video,doorbell,pro,come,batterypowered,variant
best,meta,quest,battery,pack
oneplus,watch,revealed,hour,battery,life
google,pixel,could,likely,bigger,battery,predecessor
apple,say,iphone,battery,double,promised,lifespan
snap,recalling,pixy,drone,battery,fire
anker,battery,pack,charging,accessory,percent
ring,latest,battery,doorbell,come,new,feature,old,look
iphone,pro,max,v,samsung,ultra,battery,life,apple,finally,competition
honor,magic,pro,battery,life,champion
ring,best,video,doorbell,pro,come,batterypowered,variant
best,meta,quest,battery,pack
oneplus,watch,revealed,hour,battery,life
google,pixel,could,likely,bigger,battery,predecessor
apple,say,iphone,battery,double,promised,lifespan
snap,recalling,pixy,drone,battery,fire
anker,battery,pack,charging,accessory,percent
ring,latest,battery,doorbell,come,new,feature,old,look
iphone,pro,max,v,samsung,ultra,battery,life,apple,finally,competition
honor,magic,pro,battery,life,champion
ring,best,video,doorbell,pro,come,batterypowered,variant
best,meta,quest,battery,pack
oneplus,watch,revealed,hour,battery,life
google,pixel,could,likely,bigger,battery,predecessor
apple,increase,iphone,advertised,battery,lifespan
apple,say,iphone,battery,double,promised,lifespan
anker,battery,pack,charging,accessory,percent
ring,latest,battery,doorbell,come,new,feature,old,look
iphone,pro,max,v,samsung,ultra,battery,life,apple,finally,competition
honor,magic,pro,battery,life,champion
ring,best,video,doorbell,pro,come,batterypowered,variant
best,meta,quest,battery,pack
oneplus,watch,revealed,hour,battery,life
google,pixel,could,likely,bigger,battery,predecessor
apple,increase,iphone,advertised,battery,lifespan
powerful,home,battery,cnet
flew,across,country,see,home,battery,installation,didnt,go,planned,cnet
apple,say,iphone,battery,double,promised,lifespan
anker,battery,pack,charging,accessory,percent
ring,latest,battery,doorbell,come,new,feature,old,look
iphone,pro,max,v,samsung,ultra,battery,life,apple,finally,competition
honor,magic,pro,battery,life,champion
ring,best,video,doorbell,pro,come,batterypowered,variant
best,meta,quest,battery,pack
oneplus,watch,revealed,hour,battery,life
google,pixel,could,likely,bigger,battery,predecessor
apple,increase,iphone,advertised,battery,lifespan
powerful,home,battery,cnet
flew,across,country,see,home,battery,installation,didnt,go,planned,cnet
apple,say,iphone,battery,double,promised,lifespan
anker,battery,pack,charging,accessory,percent
ring,latest,battery,doorbell,come,new,feature,old,look
iphone,pro,max,v,samsung,ultra,battery,life,apple,finally,competition
honor,magic,pro,battery,life,champion
ring,best,video,doorbell,pro,come,batterypowered,variant
best,meta,quest,battery,pack
oneplus,watch,revealed,hour,battery,life
google,pixel,could,likely,bigger,battery,predecessor
apple,increase,iphone,advertised,battery,lifespan
powerful,home,battery,cnet
flew,across,country,see,home,battery,installation,didnt,go,planned,cnet
apple,say,iphone,battery,double,promised,lifespan
anker,battery,pack,charging,accessory,percent
ring,latest,battery,doorbell,come,new,feature,old,look
iphone,pro,max,v,samsung,ultra,battery,life,apple,finally,competition
honor,magic,pro,battery,life,champion
ring,best,video,doorbell,pro,come,batterypowered,variant
best,meta,quest,battery,pack
oneplus,watch,revealed,hour,battery,life
google,pixel,could,likely,bigger,battery,predecessor
apple,increase,iphone,advertised,battery,lifespan
powerful,home,battery,cnet
flew,across,country,see,home,battery,installation,didnt,go,planned,cnet
apple,say,iphone,battery,double,promised,lifespan
anker,battery,pack,charging,accessory,percent
ring,latest,battery,doorbell,come,new,feature,old,look
iphone,pro,max,v,samsung,ultra,battery,life,apple,finally,competition
honor,magic,pro,battery,life,champion
ring,best,video,doorbell,pro,come,batterypowered,variant
best,meta,quest,battery,pack
oneplus,watch,revealed,hour,battery,life
google,pixel,could,likely,bigger,battery,predecessor
apple,increase,iphone,advertised,battery,lifespan
powerful,home,battery,cnet
true,cost,mining,electric,carbattery,metal
apple,say,iphone,battery,double,promised,lifespan
anker,battery,pack,charging,accessory,percent
ring,latest,battery,doorbell,come,new,feature,old,look
ring,best,video,doorbell,pro,come,batterypowered,variant
oneplus,watch,revealed,hour,battery,life
google,pixel,could,likely,bigger,battery,predecessor
apple,increase,iphone,advertised,battery,lifespan
powerful,home,battery,cnet
true,cost,mining,electric,carbattery,metal
apple,say,iphone,battery,double,promised,lifespan
anker,battery,pack,charging,accessory,percent
oneplus,watch,revealed,hour,battery,life
google,pixel,could,likely,bigger,battery,predecessor
apple,increase,iphone,advertised,battery,lifespan
powerful,home,battery,cnet
true,cost,mining,electric,carbattery,metal
apple,say,iphone,battery,double,promised,lifespan
anker,battery,pack,charging,accessory,percent
oneplus,watch,revealed,hour,battery,life
google,pixel,could,likely,bigger,battery,predecessor
apple,increase,iphone,advertised,battery,lifespan
powerful,home,battery,cnet
apple,say,iphone,battery,double,promised,lifespan
anker,battery,pack,charging,accessory,percent
oneplus,watch,revealed,hour,battery,life
google,pixel,could,likely,bigger,battery,predecessor
apple,increase,iphone,advertised,battery,lifespan
powerful,home,battery,cnet
apple,say,iphone,battery,double,promised,lifespan
anker,battery,pack,charging,accessory,percent
oneplus,watch,revealed,hour,battery,life
google,pixel,could,likely,bigger,battery,predecessor
apple,increase,iphone,advertised,battery,lifespan
powerful,home,battery,cnet
apple,say,iphone,battery,double,promised,lifespan
anker,battery,pack,charging,accessory,percent
oneplus,watch,revealed,hour,battery,life
google,pixel,could,likely,bigger,battery,predecessor
apple,increase,iphone,advertised,battery,lifespan
powerful,home,battery,cnet
apple,say,iphone,battery,double,promised,lifespan
anker,battery,pack,charging,accessory,percent
oneplus,watch,revealed,hour,battery,life
apple,increase,iphone,advertised,battery,lifespan
powerful,home,battery,cnet
apple,say,iphone,battery,double,promised,lifespan
anker,battery,pack,charging,accessory,percent
oneplus,watch,revealed,hour,battery,life
apple,increase,iphone,advertised,battery,lifespan
powerful,home,battery,cnet
io,make,easier,know,iphones,battery,health,normal
apple,say,iphone,battery,double,promised,lifespan
anker,battery,pack,charging,accessory,percent
oneplus,watch,revealed,hour,battery,life
apple,increase,iphone,advertised,battery,lifespan
powerful,home,battery,cnet
io,make,easier,know,iphones,battery,health,normal
tomac,daily,february,iphone,battery,lifespan,io,beta
apple,say,iphone,battery,double,promised,lifespan
anker,battery,pack,charging,accessory,percent
oneplus,watch,revealed,hour,battery,life
apple,increase,iphone,advertised,battery,lifespan
powerful,home,battery,cnet
io,make,easier,know,iphones,battery,health,normal
tomac,daily,february,iphone,battery,lifespan,io,beta
apple,say,iphone,battery,double,promised,lifespan
anker,battery,pack,charging,accessory,percent
oneplus,watch,revealed,hour,battery,life
apple,increase,iphone,advertised,battery,lifespan
powerful,home,battery,cnet
io,make,easier,know,iphones,battery,health,normal
tomac,daily,february,iphone,battery,lifespan,io,beta
apple,say,iphone,battery,durable,originally,thought
io,new,tool,show,iphone,battery,health,normal,cnet
apple,say,iphone,battery,double,promised,lifespan
anker,battery,pack,charging,accessory,percent
oneplus,watch,revealed,hour,battery,life
apple,increase,iphone,advertised,battery,lifespan
powerful,home,battery,cnet
io,make,easier,know,iphones,battery,health,normal
tomac,daily,february,iphone,battery,lifespan,io,beta
apple,say,iphone,battery,durable,originally,thought
io,new,tool,show,iphone,battery,health,normal,cnet
apple,say,iphone,battery,double,promised,lifespan
anker,battery,pack,charging,accessory,percent
oneplus,watch,revealed,hour,battery,life
apple,increase,iphone,advertised,battery,lifespan
powerful,home,battery,cnet
io,make,easier,know,iphones,battery,health,normal
tomac,daily,february,iphone,battery,lifespan,io,beta
apple,say,iphone,battery,durable,originally,thought
io,new,tool,show,iphone,battery,health,normal,cnet
apple,iphone,battery,finally,catch,android,oems
apple,say,iphone,battery,double,promised,lifespan
anker,battery,pack,charging,accessory,percent
oneplus,watch,revealed,hour,battery,life
apple,increase,iphone,advertised,battery,lifespan
io,make,easier,know,iphones,battery,health,normal
tomac,daily,february,iphone,battery,lifespan,io,beta
apple,say,iphone,battery,durable,originally,thought
io,new,tool,show,iphone,battery,health,normal,cnet
apple,iphone,battery,finally,catch,android,oems
tomac,daily,february,iphone,battery,lifespan,io,beta
io,new,tool,show,iphone,battery,health,normal,cnet
apple,iphone,battery,finally,catch,android,oems
apple,confirms,iphone,pro,battery,lifespan,actually,better,first,thought,four,model,rated,twice,many,charge,cycle,older,model
apple,say,iphone,lineup,retain,original,battery,capacity,charge,cycle,original,estimate,charge,cycle,chance,millertomac
youtuber,jack,doherty,sued,assault,battery,halloween,knockout
huawei,tease,enjoy,z,mah,battery
samsung,galaxy,g,confirmed,mah,battery
io,tweak,battery,health,reporting,iphone,model
apple,double,battery,cycle,lifespan,iphone,iphone,pro
oneplus,watch,larger,battery,compared,pixel,watch,fcc,show
apple,io,update,could,help,maintain,iphone,battery,longer
exclusive,oneplus,watch,mammoth,battery,life,based,substantial,chipset,innovation,say,ceo
apple,suddenly,confirms,significant,battery,improvement,iphone,user
